<?xml version="1.0" encoding="utf-8"?>
<quizzess xmlns:xsi="http://www.w3.org/2001/XMLSchema-instance">
	<perguntas>
		<pergunta>
			<descricao>The individual who uses the product after it has been fully developed and marketed is called:</descricao>
			<tags>
				<tag>PPL</tag>
			</tags>
			<respostas>
				<resposta>
					<designacao>End User</designacao>
					<justificacao>1</justificacao>
					<valor_logico>True</valor_logico>
				</resposta>
				<resposta>
					<designacao>Project manager</designacao>
					<justificacao>2</justificacao>
					<valor_logico>False</valor_logico>
				</resposta>
				<resposta>
					<designacao>Programmer</designacao>
					<justificacao>3</justificacao>
					<valor_logico>False</valor_logico>
				</resposta>
				<resposta>
					<designacao>Project Leader</designacao>
					<justificacao>4</justificacao>
					<valor_logico>False</valor_logico>
				</resposta>
				<resposta>
					<designacao>Developer</designacao>
					<justificacao>5</justificacao>
					<valor_logico>False</valor_logico>
				</resposta>
				<resposta>
					<designacao>Designer</designacao>
					<justificacao>6</justificacao>
					<valor_logico>False</valor_logico>
				</resposta>
			</respostas>
		</pergunta>
		<pergunta>
			<descricao>Which of the following follows the correct sequence in a waterfall model?</descricao>
			<tags>
				<tag>PRC</tag>
			</tags>
			<respostas>
				<resposta>
					<designacao>Testing, Design, Implementation, Feasibility, Requirements</designacao>
					<justificacao>1</justificacao>
					<valor_logico>False</valor_logico>
				</resposta>
				<resposta>
					<designacao>Feasibility, Testing, Implementation, Requirement, Design</designacao>
					<justificacao>2</justificacao>
					<valor_logico>False</valor_logico>
				</resposta>
				<resposta>
					<designacao>Testing, Design, Implementation, Feasibility, Requirements</designacao>
					<justificacao>3</justificacao>
					<valor_logico>False</valor_logico>
				</resposta>
				<resposta>
					<designacao>Feasibility, Requirements, Design, Implementation, Testing</designacao>
					<justificacao>4</justificacao>
					<valor_logico>True</valor_logico>
				</resposta>
				<resposta>
					<designacao>Testing, Implementation, Design, Feasibility, Requirements</designacao>
					<justificacao>5</justificacao>
					<valor_logico>False</valor_logico>
				</resposta>
				<resposta>
					<designacao>Feasibility, Design, Requirements, Implementation, Testing</designacao>
					<justificacao>6</justificacao>
					<valor_logico>False</valor_logico>
				</resposta>
			</respostas>
		</pergunta>
		<pergunta>
			<descricao>Which of each of the following is not an activity of the project planning process?</descricao>
			<tags>
				<tag>PM</tag>
			</tags>
			<respostas>
				<resposta>
					<designacao>Draw up project schedule</designacao>
					<justificacao>1</justificacao>
					<valor_logico>False</valor_logico>
				</resposta>
				<resposta>
					<designacao>Establish project constraints</designacao>
					<justificacao>2</justificacao>
					<valor_logico>False</valor_logico>
				</resposta>
				<resposta>
					<designacao>Review project progress</designacao>
					<justificacao>3</justificacao>
					<valor_logico>False</valor_logico>
				</resposta>
				<resposta>
					<designacao>Product reviews</designacao>
					<justificacao>4</justificacao>
					<valor_logico>True</valor_logico>
				</resposta>
				<resposta>
					<designacao>All of the above</designacao>
					<justificacao>5</justificacao>
					<valor_logico>False</valor_logico>
				</resposta>
				<resposta>
					<designacao>None of the above</designacao>
					<justificacao>6</justificacao>
					<valor_logico>False</valor_logico>
				</resposta>
			</respostas>
		</pergunta>
		<pergunta>
			<descricao>A type of Software Life Cycle Activity which involves saving tests from the previous version to ensure that the new version retains the previous capabilities.</descricao>
			<tags>
				<tag>TST</tag>
			</tags>
			<respostas>
				<resposta>
					<designacao>Regression testing</designacao>
					<justificacao>1</justificacao>
					<valor_logico>True</valor_logico>
				</resposta>
				<resposta>
					<designacao>Acceptance testing</designacao>
					<justificacao>2</justificacao>
					<valor_logico>False</valor_logico>
				</resposta>
				<resposta>
					<designacao>Unit testing</designacao>
					<justificacao>3</justificacao>
					<valor_logico>False</valor_logico>
				</resposta>
				<resposta>
					<designacao>System testing</designacao>
					<justificacao>4</justificacao>
					<valor_logico>False</valor_logico>
				</resposta>
				<resposta>
					<designacao>Test-Driven Development</designacao>
					<justificacao>5</justificacao>
					<valor_logico>False</valor_logico>
				</resposta>
				<resposta>
					<designacao>Testing</designacao>
					<justificacao>6</justificacao>
					<valor_logico>False</valor_logico>
				</resposta>
			</respostas>
		</pergunta>
		<pergunta>
			<descricao>Which deliverable document describes the order of tasks and estimates of time and effort necessary?</descricao>
			<tags>
				<tag>PM</tag>
			</tags>
			<respostas>
				<resposta>
					<designacao>Source code</designacao>
					<justificacao>1</justificacao>
					<valor_logico>False</valor_logico>
				</resposta>
				<resposta>
					<designacao>Software test plan</designacao>
					<justificacao>2</justificacao>
					<valor_logico>False</valor_logico>
				</resposta>
				<resposta>
					<designacao>Lean Canvas</designacao>
					<justificacao>3</justificacao>
					<valor_logico>False</valor_logico>
				</resposta>
				<resposta>
					<designacao>Database initialization script</designacao>
					<justificacao>4</justificacao>
					<valor_logico>False</valor_logico>
				</resposta>
				<resposta>
					<designacao>Project schedule</designacao>
					<justificacao>5</justificacao>
					<valor_logico>True</valor_logico>
				</resposta>
				<resposta>
					<designacao>None of the above</designacao>
					<justificacao>6</justificacao>
					<valor_logico>False</valor_logico>
				</resposta>
			</respostas>
		</pergunta>
		<pergunta>
			<descricao>Who is the person who has complete responsibility for the success of the project and has accountability to the stakeholders and sponsors.</descricao>
			<tags>
				<tag>PM</tag>
			</tags>
			<respostas>
				<resposta>
					<designacao>End User</designacao>
					<justificacao>1</justificacao>
					<valor_logico>False</valor_logico>
				</resposta>
				<resposta>
					<designacao>Project Manager</designacao>
					<justificacao>2</justificacao>
					<valor_logico>True</valor_logico>
				</resposta>
				<resposta>
					<designacao>Project Leader</designacao>
					<justificacao>3</justificacao>
					<valor_logico>False</valor_logico>
				</resposta>
				<resposta>
					<designacao>Systems Analyst</designacao>
					<justificacao>4</justificacao>
					<valor_logico>False</valor_logico>
				</resposta>
				<resposta>
					<designacao>CEO</designacao>
					<justificacao>5</justificacao>
					<valor_logico>False</valor_logico>
				</resposta>
				<resposta>
					<designacao>Developer</designacao>
					<justificacao>6</justificacao>
					<valor_logico>False</valor_logico>
				</resposta>
			</respostas>
		</pergunta>
		<pergunta>
			<descricao>Which of the following are examples of deliverable documents?</descricao>
			<tags>
				<tag>PRC</tag>
			</tags>
			<respostas>
				<resposta>
					<designacao>Defect report</designacao>
					<justificacao>1</justificacao>
					<valor_logico>False</valor_logico>
				</resposta>
				<resposta>
					<designacao>Statement of work</designacao>
					<justificacao>2</justificacao>
					<valor_logico>False</valor_logico>
				</resposta>
				<resposta>
					<designacao>User manual</designacao>
					<justificacao>3</justificacao>
					<valor_logico>False</valor_logico>
				</resposta>
				<resposta>
					<designacao>Progress report</designacao>
					<justificacao>4</justificacao>
					<valor_logico>False</valor_logico>
				</resposta>
				<resposta>
					<designacao>All of the answers</designacao>
					<justificacao>5</justificacao>
					<valor_logico>True</valor_logico>
				</resposta>
				<resposta>
					<designacao>None of the above</designacao>
					<justificacao>6</justificacao>
					<valor_logico>False</valor_logico>
				</resposta>
			</respostas>
		</pergunta>
		<pergunta>
			<descricao>CMMI stands for</descricao>
			<tags>
				<tag>REQ</tag>
			</tags>
			<respostas>
				<resposta>
					<designacao>Capability Maturity Model Integrated</designacao>
					<justificacao>1</justificacao>
					<valor_logico>True</valor_logico>
				</resposta>
				<resposta>
					<designacao>Critical Maturity Model Integrated</designacao>
					<justificacao>2</justificacao>
					<valor_logico>False</valor_logico>
				</resposta>
				<resposta>
					<designacao>Critical Modeling Maturity Integrated</designacao>
					<justificacao>3</justificacao>
					<valor_logico>False</valor_logico>
				</resposta>
				<resposta>
					<designacao>Capability Modeling Maturity Integrated</designacao>
					<justificacao>4</justificacao>
					<valor_logico>False</valor_logico>
				</resposta>
				<resposta>
					<designacao>Capacity Modeling Maturity Integrated</designacao>
					<justificacao>5</justificacao>
					<valor_logico>False</valor_logico>
				</resposta>
				<resposta>
					<designacao>Capacity Maturity Model Integrated</designacao>
					<justificacao>6</justificacao>
					<valor_logico>False</valor_logico>
				</resposta>
			</respostas>
		</pergunta>
		<pergunta>
			<descricao>A type of Software Life Cycle Activity which involves updating and improving the software to ensure continued usefulness.</descricao>
			<tags>
				<tag>REQ</tag>
			</tags>
			<respostas>
				<resposta>
					<designacao>Training</designacao>
					<justificacao>1</justificacao>
					<valor_logico>False</valor_logico>
				</resposta>
				<resposta>
					<designacao>Maintenance</designacao>
					<justificacao>2</justificacao>
					<valor_logico>True</valor_logico>
				</resposta>
				<resposta>
					<designacao>Installation</designacao>
					<justificacao>3</justificacao>
					<valor_logico>False</valor_logico>
				</resposta>
				<resposta>
					<designacao>Delivery</designacao>
					<justificacao>4</justificacao>
					<valor_logico>False</valor_logico>
				</resposta>
				<resposta>
					<designacao>Deployment</designacao>
					<justificacao>5</justificacao>
					<valor_logico>False</valor_logico>
				</resposta>
				<resposta>
					<designacao>Presentation</designacao>
					<justificacao>6</justificacao>
					<valor_logico>False</valor_logico>
				</resposta>
			</respostas>
		</pergunta>
		<pergunta>
			<descricao>Which of the following lists the correct sequence of the five levels of the original CMM? (from the least mature to the most mature level)</descricao>
			<tags>
				<tag>CI</tag>
			</tags>
			<respostas>
				<resposta>
					<designacao>Initial, Repeatable, Managed, Defined, Optimizing</designacao>
					<justificacao>1</justificacao>
					<valor_logico>False</valor_logico>
				</resposta>
				<resposta>
					<designacao>Optimizing, Managed, Defined, Repeatable, Initial</designacao>
					<justificacao>2</justificacao>
					<valor_logico>False</valor_logico>
				</resposta>
				<resposta>
					<designacao>Initial, Managed, Repeatable, Defined, Optimizing</designacao>
					<justificacao>3</justificacao>
					<valor_logico>False</valor_logico>
				</resposta>
				<resposta>
					<designacao>Initial, Repeatable, Defined, Managed, Optimizing</designacao>
					<justificacao>4</justificacao>
					<valor_logico>True</valor_logico>
				</resposta>
				<resposta>
					<designacao>Initial, Optimizing, Repeatable, Defined, Managed</designacao>
					<justificacao>5</justificacao>
					<valor_logico>False</valor_logico>
				</resposta>
				<resposta>
					<designacao>Optimizing, Managed, Repeatable, Initial, Defined</designacao>
					<justificacao>6</justificacao>
					<valor_logico>False</valor_logico>
				</resposta>
			</respostas>
		</pergunta>
		<pergunta>
			<descricao>A type of Software Life Cycle Activity which involves building the software and converting the design into code.</descricao>
			<tags>
				<tag>IMP</tag>
			</tags>
			<respostas>
				<resposta>
					<designacao>Detailed design</designacao>
					<justificacao>1</justificacao>
					<valor_logico>False</valor_logico>
				</resposta>
				<resposta>
					<designacao>Architectural design</designacao>
					<justificacao>2</justificacao>
					<valor_logico>False</valor_logico>
				</resposta>
				<resposta>
					<designacao>Interface design</designacao>
					<justificacao>3</justificacao>
					<valor_logico>False</valor_logico>
				</resposta>
				<resposta>
					<designacao>Deployment</designacao>
					<justificacao>4</justificacao>
					<valor_logico>False</valor_logico>
				</resposta>
				<resposta>
					<designacao>Implementation</designacao>
					<justificacao>5</justificacao>
					<valor_logico>True</valor_logico>
				</resposta>
				<resposta>
					<designacao>None of the above</designacao>
					<justificacao>6</justificacao>
					<valor_logico>False</valor_logico>
				</resposta>
			</respostas>
		</pergunta>
		<pergunta>
			<descricao>In Test-Driven Development (TDD) what is a test?</descricao>
			<tags>
				<tag>TST</tag>
			</tags>
			<respostas>
				<resposta>
					<designacao>Is when you use a concrete scenario and actual code.</designacao>
					<justificacao>1</justificacao>
					<valor_logico>True</valor_logico>
				</resposta>
				<resposta>
					<designacao>Is where you use testing guidelines to choose test cases.</designacao>
					<justificacao>2</justificacao>
					<valor_logico>False</valor_logico>
				</resposta>
				<resposta>
					<designacao>Is when a block of memory is shared between procedures or functions.</designacao>
					<justificacao>3</justificacao>
					<valor_logico>False</valor_logico>
				</resposta>
				<resposta>
					<designacao>Is when you analyze the static system representation to discover problems.</designacao>
					<justificacao>4</justificacao>
					<valor_logico>False</valor_logico>
				</resposta>
				<resposta>
					<designacao>Is when you manually test a feature.</designacao>
					<justificacao>5</justificacao>
					<valor_logico>False</valor_logico>
				</resposta>
				<resposta>
					<designacao>Is when you fix a bug in the code.</designacao>
					<justificacao>6</justificacao>
					<valor_logico>False</valor_logico>
				</resposta>
			</respostas>
		</pergunta>
		<pergunta>
			<descricao>Which of the following is not a phase of the software lifecycle in the Waterfall model?</descricao>
			<tags>
				<tag>PRC</tag>
			</tags>
			<respostas>
				<resposta>
					<designacao>Identify Risk.</designacao>
					<justificacao>1</justificacao>
					<valor_logico>True</valor_logico>
				</resposta>
				<resposta>
					<designacao>Code/Implementation.</designacao>
					<justificacao>2</justificacao>
					<valor_logico>False</valor_logico>
				</resposta>
				<resposta>
					<designacao>Operation.</designacao>
					<justificacao>3</justificacao>
					<valor_logico>False</valor_logico>
				</resposta>
				<resposta>
					<designacao>Requirements.</designacao>
					<justificacao>4</justificacao>
					<valor_logico>False</valor_logico>
				</resposta>
				<resposta>
					<designacao>Feasibility.</designacao>
					<justificacao>5</justificacao>
					<valor_logico>False</valor_logico>
				</resposta>
				<resposta>
					<designacao>All above are phases of the software lifecycle in the Waterfall model.</designacao>
					<justificacao>6</justificacao>
					<valor_logico>False</valor_logico>
				</resposta>
			</respostas>
		</pergunta>
		<pergunta>
			<descricao>In the 4+1 views of software architecture what is the +1 refering to which view?</descricao>
			<tags>
				<tag>A&amp;D</tag>
			</tags>
			<respostas>
				<resposta>
					<designacao>Development</designacao>
					<justificacao>1</justificacao>
					<valor_logico>False</valor_logico>
				</resposta>
				<resposta>
					<designacao>Process</designacao>
					<justificacao>2</justificacao>
					<valor_logico>False</valor_logico>
				</resposta>
				<resposta>
					<designacao>Use case</designacao>
					<justificacao>3</justificacao>
					<valor_logico>True</valor_logico>
				</resposta>
				<resposta>
					<designacao>Physical</designacao>
					<justificacao>4</justificacao>
					<valor_logico>False</valor_logico>
				</resposta>
				<resposta>
					<designacao>Implementation</designacao>
					<justificacao>5</justificacao>
					<valor_logico>False</valor_logico>
				</resposta>
				<resposta>
					<designacao>Deployment</designacao>
					<justificacao>6</justificacao>
					<valor_logico>False</valor_logico>
				</resposta>
			</respostas>
		</pergunta>
		<pergunta>
			<descricao>Which one of these affirmations about Architecture and Design is true?</descricao>
			<tags>
				<tag>A&amp;D</tag>
			</tags>
			<respostas>
				<resposta>
					<designacao>Architecture is one specific solution in the multiple solutions space defined by the design.</designacao>
					<justificacao>1</justificacao>
					<valor_logico>False</valor_logico>
				</resposta>
				<resposta>
					<designacao>Architecture is a design so all designs are an architecture.</designacao>
					<justificacao>2</justificacao>
					<valor_logico>False</valor_logico>
				</resposta>
				<resposta>
					<designacao>Design is about the solution domain and is a very high level architecture focusing on main components.</designacao>
					<justificacao>3</justificacao>
					<valor_logico>False</valor_logico>
				</resposta>
				<resposta>
					<designacao>Design is one specific solution in the multiple solutions space defined by the architecture.</designacao>
					<justificacao>4</justificacao>
					<valor_logico>True</valor_logico>
				</resposta>
				<resposta>
					<designacao>All of the above.</designacao>
					<justificacao>5</justificacao>
					<valor_logico>False</valor_logico>
				</resposta>
				<resposta>
					<designacao>None of the above.</designacao>
					<justificacao>6</justificacao>
					<valor_logico>False</valor_logico>
				</resposta>
			</respostas>
		</pergunta>
		<pergunta>
			<descricao>Which of this options is not a Testing Stage:</descricao>
			<tags>
				<tag>TST</tag>
			</tags>
			<respostas>
				<resposta>
					<designacao>Acceptance testing</designacao>
					<justificacao>1</justificacao>
					<valor_logico>True</valor_logico>
				</resposta>
				<resposta>
					<designacao>Development testing</designacao>
					<justificacao>2</justificacao>
					<valor_logico>False</valor_logico>
				</resposta>
				<resposta>
					<designacao>Release testing</designacao>
					<justificacao>3</justificacao>
					<valor_logico>False</valor_logico>
				</resposta>
				<resposta>
					<designacao>User testing</designacao>
					<justificacao>4</justificacao>
					<valor_logico>False</valor_logico>
				</resposta>
				<resposta>
					<designacao>All of the above.</designacao>
					<justificacao>5</justificacao>
					<valor_logico>False</valor_logico>
				</resposta>
				<resposta>
					<designacao>None of the above.</designacao>
					<justificacao>6</justificacao>
					<valor_logico>False</valor_logico>
				</resposta>
			</respostas>
		</pergunta>
		<pergunta>
			<descricao>Which are the RUP fases in order:</descricao>
			<tags>
				<tag>PRC</tag>
			</tags>
			<respostas>
				<resposta>
					<designacao>Inception -&gt; Elaboration -&gt; Transition -&gt; Construction</designacao>
					<justificacao>1</justificacao>
					<valor_logico>False</valor_logico>
				</resposta>
				<resposta>
					<designacao>Inception -&gt; Construction -&gt; Elaboration -&gt; Transition</designacao>
					<justificacao>2</justificacao>
					<valor_logico>False</valor_logico>
				</resposta>
				<resposta>
					<designacao>Inception -&gt; Elaboration -&gt; Construction -&gt; Transition</designacao>
					<justificacao>3</justificacao>
					<valor_logico>True</valor_logico>
				</resposta>
				<resposta>
					<designacao>Inception -&gt; Transition -&gt; Elaboration -&gt; Construction</designacao>
					<justificacao>4</justificacao>
					<valor_logico>False</valor_logico>
				</resposta>
				<resposta>
					<designacao>Elaboration -&gt; Inception -&gt; Construction -&gt; Transition</designacao>
					<justificacao>5</justificacao>
					<valor_logico>False</valor_logico>
				</resposta>
				<resposta>
					<designacao>Elaboration -&gt; Construction -&gt; Inception -&gt; Transition</designacao>
					<justificacao>6</justificacao>
					<valor_logico>False</valor_logico>
				</resposta>
			</respostas>
		</pergunta>
		<pergunta>
			<descricao>What are the four major phases of managing a software project?</descricao>
			<tags>
				<tag>PM</tag>
			</tags>
			<respostas>
				<resposta>
					<designacao>Planning, Adjustment, Elaboration, Organization</designacao>
					<justificacao>1</justificacao>
					<valor_logico>False</valor_logico>
				</resposta>
				<resposta>
					<designacao>Planning, Organization, Monitoring of status, Adjustment</designacao>
					<justificacao>2</justificacao>
					<valor_logico>True</valor_logico>
				</resposta>
				<resposta>
					<designacao>Analysis, Organization, Monitoring of status, Development</designacao>
					<justificacao>3</justificacao>
					<valor_logico>False</valor_logico>
				</resposta>
				<resposta>
					<designacao>Inception, Adjustment, Monitoring of status, Transition</designacao>
					<justificacao>4</justificacao>
					<valor_logico>False</valor_logico>
				</resposta>
				<resposta>
					<designacao>Inception, Elaboration, Monitoring of status, Transition</designacao>
					<justificacao>5</justificacao>
					<valor_logico>False</valor_logico>
				</resposta>
				<resposta>
					<designacao>Planning, Organization, Monitoring of status, Transition</designacao>
					<justificacao>6</justificacao>
					<valor_logico>False</valor_logico>
				</resposta>
			</respostas>
		</pergunta>
		<pergunta>
			<descricao>Which of the following is false with regard to the spiral model of software development?</descricao>
			<tags>
				<tag>REQ</tag>
			</tags>
			<respostas>
				<resposta>
					<designacao>Each phase depends on the deliverables of the previous one and corresponds to a specialization of tasks.</designacao>
					<justificacao>1</justificacao>
					<valor_logico>True</valor_logico>
				</resposta>
				<resposta>
					<designacao>It is an evolutionary model that includes an explicit risk analysis phase.</designacao>
					<justificacao>2</justificacao>
					<valor_logico>False</valor_logico>
				</resposta>
				<resposta>
					<designacao>Spiral model is an incremental software development model.</designacao>
					<justificacao>3</justificacao>
					<valor_logico>False</valor_logico>
				</resposta>
				<resposta>
					<designacao>Is used by software engineers and is favored for large, expensive and complicated projects.</designacao>
					<justificacao>4</justificacao>
					<valor_logico>False</valor_logico>
				</resposta>
				<resposta>
					<designacao>All answers are False.</designacao>
					<justificacao>5</justificacao>
					<valor_logico>False</valor_logico>
				</resposta>
				<resposta>
					<designacao>All answers are True.</designacao>
					<justificacao>6</justificacao>
					<valor_logico>False</valor_logico>
				</resposta>
			</respostas>
		</pergunta>
		<pergunta>
			<descricao>Verification vs validation:</descricao>
			<tags>
				<tag>V&amp;V</tag>
			</tags>
			<respostas>
				<resposta>
					<designacao>Software verification tries to answer the question “Are we building the product right?”. Software validation tries to answer the question “Are we building the right product?”.</designacao>
					<justificacao>1</justificacao>
					<valor_logico>True</valor_logico>
				</resposta>
				<resposta>
					<designacao>Software validation tries to answer the question “Are we building the product right?”. Software verification tries to answer the question “Are we building the right product?”.</designacao>
					<justificacao>2</justificacao>
					<valor_logico>False</valor_logico>
				</resposta>
				<resposta>
					<designacao>Software verification tries to answer the question “Are we building the product right?“ and “Are we building the right product?”.</designacao>
					<justificacao>3</justificacao>
					<valor_logico>False</valor_logico>
				</resposta>
				<resposta>
					<designacao>Software validation tries to answer the question “Are we building the product right?“ and “Are we building the right product?”.</designacao>
					<justificacao>4</justificacao>
					<valor_logico>False</valor_logico>
				</resposta>
				<resposta>
					<designacao>Software verification and validation try to answer the question “Are we building the product right?“</designacao>
					<justificacao>5</justificacao>
					<valor_logico>False</valor_logico>
				</resposta>
				<resposta>
					<designacao>Software verification and validation try to answer the question “Are we building the right product?“</designacao>
					<justificacao>6</justificacao>
					<valor_logico>False</valor_logico>
				</resposta>
			</respostas>
		</pergunta>
		<pergunta>
			<descricao>The formal inspection process:</descricao>
			<tags>
				<tag>PM</tag>
			</tags>
			<respostas>
				<resposta>
					<designacao>Planning/Group Prep -&gt; Individual Prep -&gt; Review Meeting -&gt; Error correction/Improvement -&gt; Follow-up checks</designacao>
					<justificacao>1</justificacao>
					<valor_logico>True</valor_logico>
				</resposta>
				<resposta>
					<designacao>Planning/Group Prep -&gt; Follow-up checks -&gt; Individual Prep -&gt; Review Meeting -&gt; Error correction/Improvement</designacao>
					<justificacao>2</justificacao>
					<valor_logico>False</valor_logico>
				</resposta>
				<resposta>
					<designacao>Planning/Group Prep -&gt; Individual Prep -&gt; Error correction/Improvement -&gt; Review Meeting -&gt; Follow-up checks</designacao>
					<justificacao>3</justificacao>
					<valor_logico>False</valor_logico>
				</resposta>
				<resposta>
					<designacao>Individual Prep -&gt; Planning/Group Prep -&gt; Review Meeting -&gt; Error correction/Improvement -&gt; Follow-up checks</designacao>
					<justificacao>4</justificacao>
					<valor_logico>False</valor_logico>
				</resposta>
				<resposta>
					<designacao>Individual Prep -&gt; Review Meeting -&gt; Planning/Group Prep -&gt; Error correction/Improvement -&gt; Follow-up checks</designacao>
					<justificacao>5</justificacao>
					<valor_logico>False</valor_logico>
				</resposta>
				<resposta>
					<designacao>Individual Prep -&gt; Planning/Group Prep -&gt; Error correction/Improvement -&gt; Review Meeting -&gt; Follow-up checks</designacao>
					<justificacao>6</justificacao>
					<valor_logico>False</valor_logico>
				</resposta>
			</respostas>
		</pergunta>
		<pergunta>
			<descricao>Which one or which ones of this 4 is not a management fase in a software project:</descricao>
			<tags>
				<tag>PM</tag>
			</tags>
			<respostas>
				<resposta>
					<designacao>Planning</designacao>
					<justificacao>1</justificacao>
					<valor_logico>False</valor_logico>
				</resposta>
				<resposta>
					<designacao>Monitoring of status</designacao>
					<justificacao>2</justificacao>
					<valor_logico>False</valor_logico>
				</resposta>
				<resposta>
					<designacao>Adjustment</designacao>
					<justificacao>3</justificacao>
					<valor_logico>False</valor_logico>
				</resposta>
				<resposta>
					<designacao>Adjustment and Planning</designacao>
					<justificacao>4</justificacao>
					<valor_logico>False</valor_logico>
				</resposta>
				<resposta>
					<designacao>Planning and inception</designacao>
					<justificacao>5</justificacao>
					<valor_logico>False</valor_logico>
				</resposta>
				<resposta>
					<designacao>Inception</designacao>
					<justificacao>6</justificacao>
					<valor_logico>True</valor_logico>
				</resposta>
			</respostas>
		</pergunta>
		<pergunta>
			<descricao>What are the main criteria that determine the success of a software development project?</descricao>
			<tags>
				<tag>PM</tag>
			</tags>
			<respostas>
				<resposta>
					<designacao>Fast development, Stable, Cost.</designacao>
					<justificacao>1</justificacao>
					<valor_logico>False</valor_logico>
				</resposta>
				<resposta>
					<designacao>Cost, Schedule, Quality.</designacao>
					<justificacao>2</justificacao>
					<valor_logico>True</valor_logico>
				</resposta>
				<resposta>
					<designacao>Quality, Stable, Cost.</designacao>
					<justificacao>3</justificacao>
					<valor_logico>False</valor_logico>
				</resposta>
				<resposta>
					<designacao>Fast development, Stable, Schedule.</designacao>
					<justificacao>4</justificacao>
					<valor_logico>False</valor_logico>
				</resposta>
				<resposta>
					<designacao>Fast development, Quality, Schedule.</designacao>
					<justificacao>5</justificacao>
					<valor_logico>False</valor_logico>
				</resposta>
				<resposta>
					<designacao>Quality, Fast development, Cost.</designacao>
					<justificacao>6</justificacao>
					<valor_logico>False</valor_logico>
				</resposta>
			</respostas>
		</pergunta>
		<pergunta>
			<descricao>Choose the incorrect affirmation about ETVX:</descricao>
			<tags>
				<tag>PRC</tag>
			</tags>
			<respostas>
				<resposta>
					<designacao>These operational definitions can then be adapted or tailored for use on all projects which uses the defined process architecture.</designacao>
					<justificacao>1</justificacao>
					<valor_logico>False</valor_logico>
				</resposta>
				<resposta>
					<designacao>ETVX method is primarily for the description of activities, which are a set of tasks to be performed.</designacao>
					<justificacao>2</justificacao>
					<valor_logico>False</valor_logico>
				</resposta>
				<resposta>
					<designacao>There are four phases, and they are Entry Criteria, Tasks to be performed, Exit Criteria and Validation, Verification Conditions for each task.</designacao>
					<justificacao>3</justificacao>
					<valor_logico>False</valor_logico>
				</resposta>
				<resposta>
					<designacao>This is a method to depict the higher level or organizational level processes.</designacao>
					<justificacao>4</justificacao>
					<valor_logico>True</valor_logico>
				</resposta>
				<resposta>
					<designacao>All of the above.</designacao>
					<justificacao>5</justificacao>
					<valor_logico>False</valor_logico>
				</resposta>
				<resposta>
					<designacao>None of the above.</designacao>
					<justificacao>6</justificacao>
					<valor_logico>False</valor_logico>
				</resposta>
			</respostas>
		</pergunta>
		<pergunta>
			<descricao>At what stage of a software project should testing start?</descricao>
			<tags>
				<tag>TST</tag>
			</tags>
			<respostas>
				<resposta>
					<designacao>In Software Development Life Cycle (SDLC), testing can be started from the Requirements phase.</designacao>
					<justificacao>1</justificacao>
					<valor_logico>True</valor_logico>
				</resposta>
				<resposta>
					<designacao>In Software Development Life Cycle (SDLC), testing can be started from the Analysis phase.</designacao>
					<justificacao>2</justificacao>
					<valor_logico>False</valor_logico>
				</resposta>
				<resposta>
					<designacao>In Software Development Life Cycle (SDLC), testing can be started from the Coding/Implementation phase.</designacao>
					<justificacao>3</justificacao>
					<valor_logico>False</valor_logico>
				</resposta>
				<resposta>
					<designacao>In Software Development Life Cycle (SDLC), testing can be started from the Design phase.</designacao>
					<justificacao>4</justificacao>
					<valor_logico>False</valor_logico>
				</resposta>
				<resposta>
					<designacao>In Software Development Life Cycle (SDLC), testing can be started from the Operation/Deployment phase.</designacao>
					<justificacao>5</justificacao>
					<valor_logico>False</valor_logico>
				</resposta>
				<resposta>
					<designacao>In Software Development Life Cycle (SDLC), testing can be started from the Maintenance phase.</designacao>
					<justificacao>6</justificacao>
					<valor_logico>False</valor_logico>
				</resposta>
			</respostas>
		</pergunta>
		<pergunta>
			<descricao>The Waterfall model (choose the incorrect):</descricao>
			<tags>
				<tag>PRC</tag>
			</tags>
			<respostas>
				<resposta>
					<designacao>Incorporates a working version of the program from the beginning so that the client can provide feedback.</designacao>
					<justificacao>1</justificacao>
					<valor_logico>True</valor_logico>
				</resposta>
				<resposta>
					<designacao>Has a Design phase.</designacao>
					<justificacao>2</justificacao>
					<valor_logico>False</valor_logico>
				</resposta>
				<resposta>
					<designacao>Is suitable for projects with stable requirements.</designacao>
					<justificacao>3</justificacao>
					<valor_logico>False</valor_logico>
				</resposta>
				<resposta>
					<designacao>Is characterized by a set of clearly defined milestones and deliverables.</designacao>
					<justificacao>4</justificacao>
					<valor_logico>False</valor_logico>
				</resposta>
				<resposta>
					<designacao>Has a Coding/Implementation phase.</designacao>
					<justificacao>5</justificacao>
					<valor_logico>False</valor_logico>
				</resposta>
				<resposta>
					<designacao>Is a sequential model for software development.</designacao>
					<justificacao>6</justificacao>
					<valor_logico>False</valor_logico>
				</resposta>
			</respostas>
		</pergunta>
		<pergunta>
			<descricao>Six thinking hats; problem solving. What's the role of the red hat?</descricao>
			<tags>
				<tag>PPL</tag>
			</tags>
			<respostas>
				<resposta>
					<designacao>Used to obtain the positive outlook, this hat sees opportunities, possibilities and benefits (think of the warming sun).</designacao>
					<justificacao>1</justificacao>
					<valor_logico>False</valor_logico>
				</resposta>
				<resposta>
					<designacao>Used as a master hat to control the thinking process.</designacao>
					<justificacao>2</justificacao>
					<valor_logico>False</valor_logico>
				</resposta>
				<resposta>
					<designacao>Used to discover why some ideas will not work, this hat inspires logical negative arguments.</designacao>
					<justificacao>3</justificacao>
					<valor_logico>False</valor_logico>
				</resposta>
				<resposta>
					<designacao>Used to think about facts, figures, and other objective information.</designacao>
					<justificacao>4</justificacao>
					<valor_logico>False</valor_logico>
				</resposta>
				<resposta>
					<designacao>Used to elicit the feelings, emotions, and other non-rational but potentially valuable senses, such as hunches and intuition (think of a red heart).</designacao>
					<justificacao>5</justificacao>
					<valor_logico>True</valor_logico>
				</resposta>
				<resposta>
					<designacao>Used to find creative new ideas (think of new shoots sprouting from seeds).</designacao>
					<justificacao>6</justificacao>
					<valor_logico>False</valor_logico>
				</resposta>
			</respostas>
		</pergunta>
		<pergunta>
			<descricao>Which of the following are internal qualities of a software product?</descricao>
			<tags>
				<tag>TST</tag>
			</tags>
			<respostas>
				<resposta>
					<designacao>Maintainability, robustness, portability, efficiency, correctness.</designacao>
					<justificacao>1</justificacao>
					<valor_logico>False</valor_logico>
				</resposta>
				<resposta>
					<designacao>Robustness, reusability, portability, efficiency, correctness.</designacao>
					<justificacao>2</justificacao>
					<valor_logico>False</valor_logico>
				</resposta>
				<resposta>
					<designacao>Maintainability, reusability, portability, efficiency, correctness.</designacao>
					<justificacao>3</justificacao>
					<valor_logico>False</valor_logico>
				</resposta>
				<resposta>
					<designacao>Reliability, robustness, efficiency, maintainability, reusability</designacao>
					<justificacao>4</justificacao>
					<valor_logico>False</valor_logico>
				</resposta>
				<resposta>
					<designacao>Correctness, reliability, robustness, efficiency, usability.</designacao>
					<justificacao>5</justificacao>
					<valor_logico>False</valor_logico>
				</resposta>
				<resposta>
					<designacao>Maintainability, reusability, portability, interoperability.</designacao>
					<justificacao>6</justificacao>
					<valor_logico>True</valor_logico>
				</resposta>
			</respostas>
		</pergunta>
	</perguntas>
</quizzess>