{"format":2,"version":"7.2.7","globals":"f9907c418b8092d33fc56d3cd7d60c8a","files":{"d_10fae538ba4e8521___init___py":{"hash":"3c77fc9ef7f887ac2508d4109cf92472","index":{"nums":[0,1,0,0,0,0,0,0],"html_filename":"d_10fae538ba4e8521___init___py.html","relative_filename":"api/__init__.py"}},"d_10fae538ba4e8521_admin_py":{"hash":"907e567208d0cea2ccd8fceb9bfe9afd","index":{"nums":[0,1,4,0,0,0,0,0],"html_filename":"d_10fae538ba4e8521_admin_py.html","relative_filename":"api/admin.py"}},"d_10fae538ba4e8521_apps_py":{"hash":"f53731e8b1c4faac1c8045191b6acff2","index":{"nums":[0,1,4,0,0,0,0,0],"html_filename":"d_10fae538ba4e8521_apps_py.html","relative_filename":"api/apps.py"}},"d_8ed8d11430146f85___init___py":{"hash":"4d8a901c67590382a25ca6603bff36c0","index":{"nums":[0,1,5,0,0,0,0,0],"html_filename":"d_8ed8d11430146f85___init___py.html","relative_filename":"api/factories/__init__.py"}},"d_8ed8d11430146f85_option_factory_py":{"hash":"7d445fe95872385106da6cd43cdcd4a0","index":{"nums":[0,1,9,0,0,0,0,0],"html_filename":"d_8ed8d11430146f85_option_factory_py.html","relative_filename":"api/factories/option_factory.py"}},"d_8ed8d11430146f85_question_factory_py":{"hash":"45d3175ad177d53af65baf0491d9f48a","index":{"nums":[0,1,23,0,6,0,0,0],"html_filename":"d_8ed8d11430146f85_question_factory_py.html","relative_filename":"api/factories/question_factory.py"}},"d_8ed8d11430146f85_tag_factory_py":{"hash":"de06ff44ddfd665486665ad9d8e9b9e8","index":{"nums":[0,1,7,0,0,0,0,0],"html_filename":"d_8ed8d11430146f85_tag_factory_py.html","relative_filename":"api/factories/tag_factory.py"}},"d_8ed8d11430146f85_test_factory_py":{"hash":"7cde7aa350f2a25897ec53db1256d884","index":{"nums":[0,1,17,0,6,0,0,0],"html_filename":"d_8ed8d11430146f85_test_factory_py.html","relative_filename":"api/factories/test_factory.py"}},"d_8ed8d11430146f85_user_factory_py":{"hash":"199f394711d6fb03be619fa9e59c0978","index":{"nums":[0,1,11,0,0,0,0,0],"html_filename":"d_8ed8d11430146f85_user_factory_py.html","relative_filename":"api/factories/user_factory.py"}},"d_e38ba9b706ec887b_0001_initial_py":{"hash":"c620be007fad0923c048a1e9f7f11b1b","index":{"nums":[0,1,6,0,0,0,0,0],"html_filename":"d_e38ba9b706ec887b_0001_initial_py.html","relative_filename":"api/migrations/0001_initial.py"}},"d_e38ba9b706ec887b_0002_remove_vote_justification_py":{"hash":"b4115a59119a6d569a60a491f37d438e","index":{"nums":[0,1,4,0,0,0,0,0],"html_filename":"d_e38ba9b706ec887b_0002_remove_vote_justification_py.html","relative_filename":"api/migrations/0002_remove_vote_justification.py"}},"d_e38ba9b706ec887b_0003_vote_justification_py":{"hash":"d5ea753ddfcdb2602f8ebc45fed60fd1","index":{"nums":[0,1,4,0,0,0,0,0],"html_filename":"d_e38ba9b706ec887b_0003_vote_justification_py.html","relative_filename":"api/migrations/0003_vote_justification.py"}},"d_e38ba9b706ec887b_0004_remove_vote_justification_py":{"hash":"a09a5378553c3bebf75e0d894fbdac7a","index":{"nums":[0,1,4,0,0,0,0,0],"html_filename":"d_e38ba9b706ec887b_0004_remove_vote_justification_py.html","relative_filename":"api/migrations/0004_remove_vote_justification.py"}},"d_e38ba9b706ec887b_0005_vote_justification_py":{"hash":"44f47c72b2ced7fa59bb475e80b88797","index":{"nums":[0,1,4,0,0,0,0,0],"html_filename":"d_e38ba9b706ec887b_0005_vote_justification_py.html","relative_filename":"api/migrations/0005_vote_justification.py"}},"d_e38ba9b706ec887b_0006_alter_user_name_py":{"hash":"79329322946c3bbcafbb8f4ed84dba92","index":{"nums":[0,1,4,0,0,0,0,0],"html_filename":"d_e38ba9b706ec887b_0006_alter_user_name_py.html","relative_filename":"api/migrations/0006_alter_user_name.py"}},"d_e38ba9b706ec887b_0006_alter_vote_unique_together_alter_user_name_and_more_py":{"hash":"e5fdc231f7b0f4c3844cddac0ebb31c8","index":{"nums":[0,1,4,0,0,0,0,0],"html_filename":"d_e38ba9b706ec887b_0006_alter_vote_unique_together_alter_user_name_and_more_py.html","relative_filename":"api/migrations/0006_alter_vote_unique_together_alter_user_name_and_more.py"}},"d_e38ba9b706ec887b_0007_remove_vote_unique question-user_and_more_py":{"hash":"1c3c925f7e9dcaf2ad4aa1116b0c5c93","index":{"nums":[0,1,4,0,0,0,0,0],"html_filename":"d_e38ba9b706ec887b_0007_remove_vote_unique question-user_and_more_py.html","relative_filename":"api/migrations/0007_remove_vote_unique question-user_and_more.py"}},"d_e38ba9b706ec887b_0008_merge_20221110_2236_py":{"hash":"b23696c67f1046d92a6ed79ad67be4c2","index":{"nums":[0,1,4,0,0,0,0,0],"html_filename":"d_e38ba9b706ec887b_0008_merge_20221110_2236_py.html","relative_filename":"api/migrations/0008_merge_20221110_2236.py"}},"d_e38ba9b706ec887b_0009_tag_question_tags_py":{"hash":"44676cc67976d1d7916212b89d20464f","index":{"nums":[0,1,4,0,0,0,0,0],"html_filename":"d_e38ba9b706ec887b_0009_tag_question_tags_py.html","relative_filename":"api/migrations/0009_tag_question_tags.py"}},"d_e38ba9b706ec887b_0010_tag_name_py":{"hash":"b9b45c772139154791f2261622445e55","index":{"nums":[0,1,4,0,0,0,0,0],"html_filename":"d_e38ba9b706ec887b_0010_tag_name_py.html","relative_filename":"api/migrations/0010_tag_name.py"}},"d_e38ba9b706ec887b_0011_remove_tag_name_tag_value_py":{"hash":"1056c34e53a8be567d8a983b29bf2357","index":{"nums":[0,1,4,0,0,0,0,0],"html_filename":"d_e38ba9b706ec887b_0011_remove_tag_name_tag_value_py.html","relative_filename":"api/migrations/0011_remove_tag_name_tag_value.py"}},"d_e38ba9b706ec887b_0012_test_tags_test_title_py":{"hash":"523984df12ffafaf3ac87b726418fc99","index":{"nums":[0,1,4,0,0,0,0,0],"html_filename":"d_e38ba9b706ec887b_0012_test_tags_test_title_py.html","relative_filename":"api/migrations/0012_test_tags_test_title.py"}},"d_e38ba9b706ec887b_0013_option_justification_py":{"hash":"82c4a63cd98490fd2c1aab1f1d39b90c","index":{"nums":[0,1,4,0,0,0,0,0],"html_filename":"d_e38ba9b706ec887b_0013_option_justification_py.html","relative_filename":"api/migrations/0013_option_justification.py"}},"d_e38ba9b706ec887b_0013_question_num_tests_py":{"hash":"ce09d97dccc0238597f644905bc9d340","index":{"nums":[0,1,4,0,0,0,0,0],"html_filename":"d_e38ba9b706ec887b_0013_question_num_tests_py.html","relative_filename":"api/migrations/0013_question_num_tests.py"}},"d_e38ba9b706ec887b_0014_option_justification_remove_question_tags_and_more_py":{"hash":"b5c26ba1d530231b7da5cb408393dc1e","index":{"nums":[0,1,5,0,0,0,0,0],"html_filename":"d_e38ba9b706ec887b_0014_option_justification_remove_question_tags_and_more_py.html","relative_filename":"api/migrations/0014_option_justification_remove_question_tags_and_more.py"}},"d_e38ba9b706ec887b_0015_rename_tags_question_tag_py":{"hash":"11acb716b288f001504bd0161d6578b2","index":{"nums":[0,1,4,0,0,0,0,0],"html_filename":"d_e38ba9b706ec887b_0015_rename_tags_question_tag_py.html","relative_filename":"api/migrations/0015_rename_tags_question_tag.py"}},"d_e38ba9b706ec887b_0016_merge_20221117_2212_py":{"hash":"8c400f01cf309d6b96f6842d0e8bf0dd","index":{"nums":[0,1,4,0,0,0,0,0],"html_filename":"d_e38ba9b706ec887b_0016_merge_20221117_2212_py.html","relative_filename":"api/migrations/0016_merge_20221117_2212.py"}},"d_e38ba9b706ec887b_0017_alter_question_tag_py":{"hash":"74457f7c60a6a70c8eab7cd463b72c90","index":{"nums":[0,1,5,0,0,0,0,0],"html_filename":"d_e38ba9b706ec887b_0017_alter_question_tag_py.html","relative_filename":"api/migrations/0017_alter_question_tag.py"}},"d_e38ba9b706ec887b_0018_alter_solvedtest_unique_together_py":{"hash":"9f634d06eae75f5d04268e4dc845dc82","index":{"nums":[0,1,4,0,0,0,0,0],"html_filename":"d_e38ba9b706ec887b_0018_alter_solvedtest_unique_together_py.html","relative_filename":"api/migrations/0018_alter_solvedtest_unique_together.py"}},"d_e38ba9b706ec887b_0019_solvedtest_grade_py":{"hash":"3ecc969ecfdbb1b9a500f165df600cbc","index":{"nums":[0,1,4,0,0,0,0,0],"html_filename":"d_e38ba9b706ec887b_0019_solvedtest_grade_py.html","relative_filename":"api/migrations/0019_solvedtest_grade.py"}},"d_e38ba9b706ec887b___init___py":{"hash":"3c77fc9ef7f887ac2508d4109cf92472","index":{"nums":[0,1,0,0,0,0,0,0],"html_filename":"d_e38ba9b706ec887b___init___py.html","relative_filename":"api/migrations/__init__.py"}},"d_eb3a433c7a885d4e___init___py":{"hash":"ecd3f9b1609d2de678bb9380c05dca26","index":{"nums":[0,1,8,0,0,0,0,0],"html_filename":"d_eb3a433c7a885d4e___init___py.html","relative_filename":"api/models/__init__.py"}},"d_eb3a433c7a885d4e_option_py":{"hash":"dde0c35933c5f67c3eae98a28a58e0b4","index":{"nums":[0,1,9,0,1,0,0,0],"html_filename":"d_eb3a433c7a885d4e_option_py.html","relative_filename":"api/models/option.py"}},"d_eb3a433c7a885d4e_question_py":{"hash":"71a639f18fde90d4cec0a223ccaffcdb","index":{"nums":[0,1,14,0,1,0,0,0],"html_filename":"d_eb3a433c7a885d4e_question_py.html","relative_filename":"api/models/question.py"}},"d_eb3a433c7a885d4e_solved_test_py":{"hash":"bcd07e352daf7be2d8b4600a28f9b9c1","index":{"nums":[0,1,13,0,1,0,0,0],"html_filename":"d_eb3a433c7a885d4e_solved_test_py.html","relative_filename":"api/models/solved_test.py"}},"d_eb3a433c7a885d4e_tag_py":{"hash":"a3e72dd402fa10aa743fe90bcfe7333c","index":{"nums":[0,1,5,0,1,0,0,0],"html_filename":"d_eb3a433c7a885d4e_tag_py.html","relative_filename":"api/models/tag.py"}},"d_eb3a433c7a885d4e_test_py":{"hash":"886230577b381fdc5220c93413e131ce","index":{"nums":[0,1,11,0,1,0,0,0],"html_filename":"d_eb3a433c7a885d4e_test_py.html","relative_filename":"api/models/test.py"}},"d_eb3a433c7a885d4e_user_py":{"hash":"accd2906141c86bb829c2e13faf10e4e","index":{"nums":[0,1,9,0,1,0,0,0],"html_filename":"d_eb3a433c7a885d4e_user_py.html","relative_filename":"api/models/user.py"}},"d_eb3a433c7a885d4e_vote_py":{"hash":"cc715054074a0640a61fa12c9969cdd4","index":{"nums":[0,1,12,0,1,0,0,0],"html_filename":"d_eb3a433c7a885d4e_vote_py.html","relative_filename":"api/models/vote.py"}},"d_03afa1046c2dc30b___init___py":{"hash":"631f0ccdbf2eb83d29f7b1c8bbb708bf","index":{"nums":[0,1,8,0,0,0,0,0],"html_filename":"d_03afa1046c2dc30b___init___py.html","relative_filename":"api/spec/__init__.py"}},"d_03afa1046c2dc30b_others_spec_py":{"hash":"91e16cfca6071976c218963decab569e","index":{"nums":[0,1,67,0,0,0,0,0],"html_filename":"d_03afa1046c2dc30b_others_spec_py.html","relative_filename":"api/spec/others_spec.py"}},"d_03afa1046c2dc30b_question_spec_py":{"hash":"7c949434e27177e67b5c8611b820dc2c","index":{"nums":[0,1,97,0,0,0,0,0],"html_filename":"d_03afa1046c2dc30b_question_spec_py.html","relative_filename":"api/spec/question_spec.py"}},"d_03afa1046c2dc30b_solved_test_spec_py":{"hash":"8a7bb28b9c6e51833e22d9bc5c7e924f","index":{"nums":[0,1,33,0,0,0,0,0],"html_filename":"d_03afa1046c2dc30b_solved_test_spec_py.html","relative_filename":"api/spec/solved_test_spec.py"}},"d_03afa1046c2dc30b_tags_spec_py":{"hash":"902b129b7e69c92b64d971ce7d9e8643","index":{"nums":[0,1,42,0,0,0,0,0],"html_filename":"d_03afa1046c2dc30b_tags_spec_py.html","relative_filename":"api/spec/tags_spec.py"}},"d_03afa1046c2dc30b_test_spec_py":{"hash":"3a00ac004aef6ffa723dd84a348a5f88","index":{"nums":[0,1,49,0,1,0,0,0],"html_filename":"d_03afa1046c2dc30b_test_spec_py.html","relative_filename":"api/spec/test_spec.py"}},"d_03afa1046c2dc30b_tokens_spec_py":{"hash":"ea5eb620efb2b830d693433f73f36086","index":{"nums":[0,1,29,0,0,0,0,0],"html_filename":"d_03afa1046c2dc30b_tokens_spec_py.html","relative_filename":"api/spec/tokens_spec.py"}},"d_03afa1046c2dc30b_user_spec_py":{"hash":"9f000087ed953bae8b834df1584c21c0","index":{"nums":[0,1,85,0,0,0,0,0],"html_filename":"d_03afa1046c2dc30b_user_spec_py.html","relative_filename":"api/spec/user_spec.py"}},"d_03afa1046c2dc30b_vote_spec_py":{"hash":"b6c878efc95ffdbb7163a156d4383025","index":{"nums":[0,1,39,0,0,0,0,0],"html_filename":"d_03afa1046c2dc30b_vote_spec_py.html","relative_filename":"api/spec/vote_spec.py"}},"d_10fae538ba4e8521_tests_py":{"hash":"6be3818f463fa27c80c34b4e9827ca09","index":{"nums":[0,1,1,0,0,0,0,0],"html_filename":"d_10fae538ba4e8521_tests_py.html","relative_filename":"api/tests.py"}},"d_10fae538ba4e8521_urls_py":{"hash":"57d1be6bfbaef2f1704d8ec375d67f70","index":{"nums":[0,1,4,0,0,0,0,0],"html_filename":"d_10fae538ba4e8521_urls_py.html","relative_filename":"api/urls.py"}},"d_6e8d258084b89723___init___py":{"hash":"25c0b27d962f961dd05acadfe5f1dbc2","index":{"nums":[0,1,3,0,0,0,0,0],"html_filename":"d_6e8d258084b89723___init___py.html","relative_filename":"api/utils/__init__.py"}},"d_6e8d258084b89723_decorators_py":{"hash":"7a90185bea1cb97ca0e91a868d3b0413","index":{"nums":[0,1,40,0,1,0,0,0],"html_filename":"d_6e8d258084b89723_decorators_py.html","relative_filename":"api/utils/decorators.py"}},"d_6e8d258084b89723_functions_py":{"hash":"a3e808eb35c1e72b201094d0d41ae891","index":{"nums":[0,1,7,0,1,0,0,0],"html_filename":"d_6e8d258084b89723_functions_py.html","relative_filename":"api/utils/functions.py"}},"d_6e8d258084b89723_tokens_py":{"hash":"1db7c28cae8eaaeb851816b8f4505815","index":{"nums":[0,1,27,0,10,0,0,0],"html_filename":"d_6e8d258084b89723_tokens_py.html","relative_filename":"api/utils/tokens.py"}},"d_f431117f5ededff2___init___py":{"hash":"26914e2c49727c41b5b1edb8ce0754b2","index":{"nums":[0,1,7,0,0,0,0,0],"html_filename":"d_f431117f5ededff2___init___py.html","relative_filename":"api/views/__init__.py"}},"d_f431117f5ededff2_others_py":{"hash":"7decac216716c5e04c81a61fb0051276","index":{"nums":[0,1,76,0,9,0,0,0],"html_filename":"d_f431117f5ededff2_others_py.html","relative_filename":"api/views/others.py"}},"d_f431117f5ededff2_question_py":{"hash":"491e714a09b1cdcbc5a3d91dd6699965","index":{"nums":[0,1,79,0,7,0,0,0],"html_filename":"d_f431117f5ededff2_question_py.html","relative_filename":"api/views/question.py"}},"d_f431117f5ededff2_solved_test_py":{"hash":"c11e358de3f02616ae814e0bc9b4f26b","index":{"nums":[0,1,21,0,8,0,0,0],"html_filename":"d_f431117f5ededff2_solved_test_py.html","relative_filename":"api/views/solved_test.py"}},"d_f431117f5ededff2_tags_py":{"hash":"1ad36bcc5fa23e2fc63ca056c5c21a6b","index":{"nums":[0,1,25,0,1,0,0,0],"html_filename":"d_f431117f5ededff2_tags_py.html","relative_filename":"api/views/tags.py"}},"d_f431117f5ededff2_test_py":{"hash":"c1a511a5383a2526cb6684b46effda23","index":{"nums":[0,1,93,0,28,0,0,0],"html_filename":"d_f431117f5ededff2_test_py.html","relative_filename":"api/views/test.py"}},"d_f431117f5ededff2_user_py":{"hash":"d12736b2bc336423dcfa54896db8dda5","index":{"nums":[0,1,46,0,0,0,0,0],"html_filename":"d_f431117f5ededff2_user_py.html","relative_filename":"api/views/user.py"}},"d_f431117f5ededff2_vote_py":{"hash":"8a40faf416ddb6382cf77f21bd6a31ba","index":{"nums":[0,1,23,0,2,0,0,0],"html_filename":"d_f431117f5ededff2_vote_py.html","relative_filename":"api/views/vote.py"}},"d_15c4a824ab2728a3___init___py":{"hash":"3c77fc9ef7f887ac2508d4109cf92472","index":{"nums":[0,1,0,0,0,0,0,0],"html_filename":"d_15c4a824ab2728a3___init___py.html","relative_filename":"main/__init__.py"}},"d_15c4a824ab2728a3_settings_py":{"hash":"4d47830dc27c932a13098a65f6b52a0c","index":{"nums":[0,1,20,0,0,0,0,0],"html_filename":"d_15c4a824ab2728a3_settings_py.html","relative_filename":"main/settings.py"}},"d_15c4a824ab2728a3_urls_py":{"hash":"a3516d070ece008bd1f77e1b69a5d00e","index":{"nums":[0,1,3,0,0,0,0,0],"html_filename":"d_15c4a824ab2728a3_urls_py.html","relative_filename":"main/urls.py"}},"manage_py":{"hash":"80be1a0bb9452849f60f8451cdc05ca6","index":{"nums":[0,1,12,0,2,0,0,0],"html_filename":"manage_py.html","relative_filename":"manage.py"}},"d_de1a740d5dc98ffd___init___py":{"hash":"3c77fc9ef7f887ac2508d4109cf92472","index":{"nums":[0,1,0,0,0,0,0,0],"html_filename":"d_de1a740d5dc98ffd___init___py.html","relative_filename":"scripts/__init__.py"}}}}